{
  "baseline": {
    "R@1": 87.36110925674438,
    "R@5": 97.36111164093018,
    "R@10": 98.28703999519348,
    "mAP": 44.90073752710251
  },
  "bands": {
    "B01": {
      "band_idx": 0,
      "band_label": "B01 Coastal",
      "metrics": {
        "R@1": 88.19444179534912,
        "R@5": 97.31481671333313,
        "R@10": 98.19444417953491,
        "mAP": 44.60289835584936
      },
      "delta_r10": 0.09259581565856934,
      "delta_r1": -0.8333325386047363
    },
    "B02": {
      "band_idx": 1,
      "band_label": "B02 Blue",
      "metrics": {
        "R@1": 87.77777552604675,
        "R@5": 97.31481671333313,
        "R@10": 98.51852059364319,
        "mAP": 43.77424183836276
      },
      "delta_r10": -0.23148059844970703,
      "delta_r1": -0.41666626930236816
    },
    "B03": {
      "band_idx": 2,
      "band_label": "B03 Green",
      "metrics": {
        "R@1": 88.19444179534912,
        "R@5": 97.45370149612427,
        "R@10": 98.70370626449585,
        "mAP": 44.15429581301632
      },
      "delta_r10": -0.41666626930236816,
      "delta_r1": -0.8333325386047363
    },
    "B04": {
      "band_idx": 3,
      "band_label": "B04 Red",
      "metrics": {
        "R@1": 87.36110925674438,
        "R@5": 97.22222089767456,
        "R@10": 98.51852059364319,
        "mAP": 43.55258698161278
      },
      "delta_r10": -0.23148059844970703,
      "delta_r1": 0.0
    },
    "B05": {
      "band_idx": 4,
      "band_label": "B05 RE-1",
      "metrics": {
        "R@1": 88.70370388031006,
        "R@5": 97.45370149612427,
        "R@10": 98.37962985038757,
        "mAP": 44.616296478133236
      },
      "delta_r10": -0.0925898551940918,
      "delta_r1": -1.3425946235656738
    },
    "B06": {
      "band_idx": 5,
      "band_label": "B06 RE-2",
      "metrics": {
        "R@1": 87.96296119689941,
        "R@5": 97.08333611488342,
        "R@10": 98.56481552124023,
        "mAP": 44.555564606044854
      },
      "delta_r10": -0.27777552604675293,
      "delta_r1": -0.6018519401550293
    },
    "B07": {
      "band_idx": 6,
      "band_label": "B07 RE-3",
      "metrics": {
        "R@1": 88.33333253860474,
        "R@5": 97.22222089767456,
        "R@10": 98.65740537643433,
        "mAP": 44.430700667133486
      },
      "delta_r10": -0.3703653812408447,
      "delta_r1": -0.9722232818603516
    },
    "B08": {
      "band_idx": 7,
      "band_label": "B08 NIR",
      "metrics": {
        "R@1": 86.29629611968994,
        "R@5": 96.89815044403076,
        "R@10": 98.28703999519348,
        "mAP": 41.908573925115725
      },
      "delta_r10": 0.0,
      "delta_r1": 1.0648131370544434
    },
    "B8A": {
      "band_idx": 8,
      "band_label": "B8A NIR-N",
      "metrics": {
        "R@1": 87.68518567085266,
        "R@5": 97.31481671333313,
        "R@10": 98.56481552124023,
        "mAP": 45.24196192656678
      },
      "delta_r10": -0.27777552604675293,
      "delta_r1": -0.32407641410827637
    },
    "B09": {
      "band_idx": 9,
      "band_label": "B09 WV",
      "metrics": {
        "R@1": 88.5185182094574,
        "R@5": 97.36111164093018,
        "R@10": 98.47221970558167,
        "mAP": 45.61566680393837
      },
      "delta_r10": -0.1851797103881836,
      "delta_r1": -1.1574089527130127
    },
    "B10": {
      "band_idx": 10,
      "band_label": "B10 Cirrus",
      "metrics": {
        "R@1": 87.45370507240295,
        "R@5": 96.99074029922485,
        "R@10": 98.37962985038757,
        "mAP": 44.73719239717832
      },
      "delta_r10": -0.0925898551940918,
      "delta_r1": -0.09259581565856934
    },
    "B11": {
      "band_idx": 11,
      "band_label": "B11 SWIR-1",
      "metrics": {
        "R@1": 88.33333253860474,
        "R@5": 97.22222089767456,
        "R@10": 98.51852059364319,
        "mAP": 44.87641179778923
      },
      "delta_r10": -0.23148059844970703,
      "delta_r1": -0.9722232818603516
    },
    "B12": {
      "band_idx": 12,
      "band_label": "B12 SWIR-2",
      "metrics": {
        "R@1": 88.56481313705444,
        "R@5": 97.17592597007751,
        "R@10": 98.65740537643433,
        "mAP": 44.35626469104103
      },
      "delta_r10": -0.3703653812408447,
      "delta_r1": -1.2037038803100586
    }
  },
  "config": {
    "sigma": 0.5,
    "num_steps": 5,
    "lr": 0.01,
    "lambda_m": 0.1,
    "k_nn": 5,
    "seed": 42,
    "n_queries": 2160,
    "n_gallery": 19440
  }
}