{
  "baseline": {
    "R@1": 82.4999988079071,
    "R@5": 95.87963223457336,
    "R@10": 97.87036776542664,
    "mAP": 44.58858871797997
  },
  "bands": {
    "B01": {
      "band_idx": 0,
      "band_label": "B01 Coastal",
      "metrics": {
        "R@1": 83.33333134651184,
        "R@5": 96.43518328666687,
        "R@10": 97.9629635810852,
        "mAP": 44.70733900985646
      },
      "delta_r10": -0.09259581565856934,
      "delta_r1": -0.8333325386047363
    },
    "B02": {
      "band_idx": 1,
      "band_label": "B02 Blue",
      "metrics": {
        "R@1": 82.45370388031006,
        "R@5": 96.24999761581421,
        "R@10": 97.77777791023254,
        "mAP": 43.568023217979956
      },
      "delta_r10": 0.0925898551940918,
      "delta_r1": 0.0462949275970459
    },
    "B03": {
      "band_idx": 2,
      "band_label": "B03 Green",
      "metrics": {
        "R@1": 82.12962746620178,
        "R@5": 95.74074149131775,
        "R@10": 97.87036776542664,
        "mAP": 43.69492183473927
      },
      "delta_r10": 0.0,
      "delta_r1": 0.37037134170532227
    },
    "B04": {
      "band_idx": 3,
      "band_label": "B04 Red",
      "metrics": {
        "R@1": 81.94444179534912,
        "R@5": 95.87963223457336,
        "R@10": 97.82407283782959,
        "mAP": 43.165176851433465
      },
      "delta_r10": 0.0462949275970459,
      "delta_r1": 0.5555570125579834
    },
    "B05": {
      "band_idx": 4,
      "band_label": "B05 RE-1",
      "metrics": {
        "R@1": 82.22222328186035,
        "R@5": 95.55555582046509,
        "R@10": 97.40740656852722,
        "mAP": 44.376668160160385
      },
      "delta_r10": 0.46296119689941406,
      "delta_r1": 0.27777552604675293
    },
    "B06": {
      "band_idx": 5,
      "band_label": "B06 RE-2",
      "metrics": {
        "R@1": 82.36111402511597,
        "R@5": 95.60185074806213,
        "R@10": 97.87036776542664,
        "mAP": 44.13956288110327
      },
      "delta_r10": 0.0,
      "delta_r1": 0.1388847827911377
    },
    "B07": {
      "band_idx": 6,
      "band_label": "B07 RE-3",
      "metrics": {
        "R@1": 81.99074268341064,
        "R@5": 95.83333134651184,
        "R@10": 97.77777791023254,
        "mAP": 44.19674098698629
      },
      "delta_r10": 0.0925898551940918,
      "delta_r1": 0.50925612449646
    },
    "B08": {
      "band_idx": 7,
      "band_label": "B08 NIR",
      "metrics": {
        "R@1": 79.12036776542664,
        "R@5": 95.04629373550415,
        "R@10": 97.68518805503845,
        "mAP": 41.64314653965886
      },
      "delta_r10": 0.1851797103881836,
      "delta_r1": 3.3796310424804688
    },
    "B8A": {
      "band_idx": 8,
      "band_label": "B8A NIR-N",
      "metrics": {
        "R@1": 82.59259462356567,
        "R@5": 96.57407402992249,
        "R@10": 97.9629635810852,
        "mAP": 45.32085407904729
      },
      "delta_r10": -0.09259581565856934,
      "delta_r1": -0.09259581565856934
    },
    "B09": {
      "band_idx": 9,
      "band_label": "B09 WV",
      "metrics": {
        "R@1": 83.79629850387573,
        "R@5": 96.43518328666687,
        "R@10": 98.10185432434082,
        "mAP": 45.32722524194806
      },
      "delta_r10": -0.23148655891418457,
      "delta_r1": -1.296299695968628
    },
    "B10": {
      "band_idx": 10,
      "band_label": "B10 Cirrus",
      "metrics": {
        "R@1": 83.14814567565918,
        "R@5": 95.74074149131775,
        "R@10": 97.87036776542664,
        "mAP": 44.31117292286621
      },
      "delta_r10": 0.0,
      "delta_r1": -0.6481468677520752
    },
    "B11": {
      "band_idx": 11,
      "band_label": "B11 SWIR-1",
      "metrics": {
        "R@1": 82.96296000480652,
        "R@5": 95.6944465637207,
        "R@10": 97.59259223937988,
        "mAP": 44.50952737902602
      },
      "delta_r10": 0.27777552604675293,
      "delta_r1": -0.46296119689941406
    },
    "B12": {
      "band_idx": 12,
      "band_label": "B12 SWIR-2",
      "metrics": {
        "R@1": 81.94444179534912,
        "R@5": 96.06481194496155,
        "R@10": 97.68518805503845,
        "mAP": 44.245565487244335
      },
      "delta_r10": 0.1851797103881836,
      "delta_r1": 0.5555570125579834
    }
  },
  "config": {
    "sigma": 0.5,
    "num_steps": 5,
    "lr": 0.01,
    "lambda_m": 0.1,
    "k_nn": 5,
    "seed": 42,
    "train_ratio": 0.8,
    "query_ratio": 0.1,
    "gallery_ratio": 0.1,
    "n_queries": 2160,
    "n_gallery": 2160
  }
}